Index,FileName,ImgLink,Brand,brandLink,Class,imgText
1,21_H1_Sustainability_Landing_header_cms_desktop_-2.jpeg,https://cdn.glitch.me/da11bd13-ac78-43e4-83d3-616ee98abe34%2F21_H1_Sustainability_Landing_header_cms_desktop_-2.jpeg?v=1637308810220,Levi's,https://www.levi.com/US/en_US/,"jeans, denim, levis, Levis, Levi's, levi's",Jaden Smith wearing Levi's jeans
2,21_H1_Sustainability_Landing_image1_cms_desktop_ 2-2.jpeg,https://cdn.glitch.me/da11bd13-ac78-43e4-83d3-616ee98abe34%2F21_H1_Sustainability_Landing_image1_cms_desktop_%202-2.jpeg?v=1637308814627,Levi's,https://www.levi.com/US/en_US/,"jeans, denim, levis, Levis, Levi's, levi's",A closeup of Levi's denim
3,21_H1_Sustainability_Landing_image5_cms_desktop_-2.jpeg,https://cdn.glitch.me/da11bd13-ac78-43e4-83d3-616ee98abe34%2F21_H1_Sustainability_Landing_image5_cms_desktop_-2.jpeg?v=1637308817319,Levi's,https://www.levi.com/US/en_US/,"jeans, denim, levis, Levis, Levi's, levi's",A closeup of Levi's denim
4,22_H1_Monthly_Muse_NOV_BLG_IMG6.jpeg,https://cdn.glitch.me/da11bd13-ac78-43e4-83d3-616ee98abe34%2F22_H1_Monthly_Muse_NOV_BLG_IMG6.jpeg?v=1637308820896,Levi's,https://www.levi.com/US/en_US/,"jeans, denim, levis, Levis, Levi's, levi's",Levi's jeans are built to be lived in
5,178470008-side-pdp.jpeg,https://cdn.glitch.me/da11bd13-ac78-43e4-83d3-616ee98abe34%2F178470008-side-pdp.jpeg?v=1637308832716,Levi's,https://www.levi.com/US/en_US/,"jeans, denim, levis, Levis, Levi's, levi's",Levi's denim
6,Image1-2.jpeg,https://cdn.glitch.me/da11bd13-ac78-43e4-83d3-616ee98abe34%2FImage1-2.jpeg?v=1637308837602,Levi's,https://www.levi.com/US/en_US/,"jeans, denim, levis, Levis, Levi's, levi's",Levi's jeans are built to be lived in
7,Image2-3.jpeg,https://cdn.glitch.me/da11bd13-ac78-43e4-83d3-616ee98abe34%2FImage2-3.jpeg?v=1637308844017,Levi's,https://www.levi.com/US/en_US/,"jeans, denim, levis, Levis, Levi's, levi's",Levi's denim is made for the conscious wearer
8,Nigel_Sylvester_App_Exclusive_5050_4.jpeg,https://cdn.glitch.me/da11bd13-ac78-43e4-83d3-616ee98abe34%2FNigel_Sylvester_App_Exclusive_5050_4.jpeg?v=1637308848388,Levi's,https://www.levi.com/US/en_US/,"jeans, denim, levis, Levis, Levi's, levi's",Levi's jeans are built to be lived in
9,X_Creative_Copy_5050.jpeg,https://cdn.glitch.me/da11bd13-ac78-43e4-83d3-616ee98abe34%2FX_Creative_Copy_5050.jpeg?v=1637308852292,Levi's,https://www.levi.com/US/en_US/,"jeans, denim, levis, Levis, Levi's, levi's",Levi's denim is made for the conscious wearer
10,Xiuhtexcatl App Exclusive_51.jpeg,https://cdn.glitch.me/da11bd13-ac78-43e4-83d3-616ee98abe34%2FXiuhtexcatl%20App%20Exclusive_51.jpeg?v=1637308856717,Levi's,https://www.levi.com/US/en_US/,"jeans, denim, levis, Levis, Levi's, levi's",Levi's denim is made for the conscious wearer
11,02-IFONLYIF-AW-HR-20201014-1-scaled-768x1152.jpeg,https://cdn.glitch.me/da11bd13-ac78-43e4-83d3-616ee98abe34%2F02-IFONLYIF-AW-HR-20201014-1-scaled-768x1152.jpeg?v=1637829921104,If Only If,https://ifonlyif.co.uk/,"sleepwear, slowFashion, slowfashion, childrens, nightgown, dress, ifOnlyIf, ifonlyif",Who said nightgowns weren't for kids too?
12,Charlotte-Darcie-Pandora-9-768x1174.jpeg,https://cdn.glitch.me/da11bd13-ac78-43e4-83d3-616ee98abe34%2FCharlotte-Darcie-Pandora-9-768x1174.jpeg?v=1637829938112,If Only If,https://ifonlyif.co.uk/,"sleepwear, slowFashion, slowfashion, childrens, nightgown, dress, ifOnlyIf, ifonlyif",Who said nightgowns weren't for kids too?
13,Mya-Nina-1-768x1148.jpeg,https://cdn.glitch.me/da11bd13-ac78-43e4-83d3-616ee98abe34%2FMya-Nina-1-768x1148.jpeg?v=1637829949187,If Only If,https://ifonlyif.co.uk/,"sleepwear, slowFashion, slowfashion, nightgown, dress, slip, ifOnlyIf, ifonlyif","Gowns from If Only If, perfect for gazing into picturesque scenes in your backyard"
14,53-IFONLYIF-AW-HR-20201014-scaled-768x1152.jpeg,https://cdn.glitch.me/da11bd13-ac78-43e4-83d3-616ee98abe34%2F53-IFONLYIF-AW-HR-20201014-scaled-768x1152.jpeg?v=1637829924565,If Only If,https://ifonlyif.co.uk/,"sleepwear, slowFashion, slowfashion, nightgown, dress, ifOnlyIf, ifonlyif","Gowns from If Only If, perfect for gazing into picturesque scenes in your backyard"
15,emily-scaled-768x1024.jpeg,https://cdn.glitch.me/da11bd13-ac78-43e4-83d3-616ee98abe34%2Femily-scaled-768x1024.jpeg?v=1637829940272,If Only If,https://ifonlyif.co.uk/,"sleepwear, slowFashion, slowfashion, nightgown, dress, ifOnlyIf, ifonlyif",A closeup of dresses from If Only If
16,Mya-Charlotte-Pandora-3-768x514.jpeg,https://cdn.glitch.me/da11bd13-ac78-43e4-83d3-616ee98abe34%2FMya-Charlotte-Pandora-3-768x514.jpeg?v=1637829942229,If Only If,https://ifonlyif.co.uk/,"sleepwear, slowFashion, slowfashion, nightgown, dress, ifOnlyIf, ifonlyif",A warm summer's day with If Only If
17,Mya-Charlotte-Pandora-28-768x1153.jpeg,https://cdn.glitch.me/da11bd13-ac78-43e4-83d3-616ee98abe34%2FMya-Charlotte-Pandora-28-768x1153.jpeg?v=1637829944300,If Only If,https://ifonlyif.co.uk/,"sleepwear, slowFashion, slowfashion, nightgown, dress, ifOnlyIf, ifonlyif",A warm summer's day with If Only If
18,Charlotte-Darcie-Jessie-Florrie-1-768x1152.jpg,https://cdn.glitch.me/da11bd13-ac78-43e4-83d3-616ee98abe34%2FCharlotte-Darcie-Jessie-Florrie-1-768x1152.jpg?v=1637829930819,If Only If,https://ifonlyif.co.uk/,"sleepwear, slowFashion, slowfashion, childrens, nightgown, dress, ifOnlyIf, ifonlyif",Who said nightgowns weren't for kids too?
19,Charlotte-Anna-11-768x1148.jpeg,https://cdn.glitch.me/da11bd13-ac78-43e4-83d3-616ee98abe34%2FCharlotte-Anna-11-768x1148.jpeg?v=1637829927606,If Only If,https://ifonlyif.co.uk/,"sleepwear, slowFashion, slowfashion, nightgown, dress, robe, ifOnlyIf, ifonlyif",Lounging in an If Only If gown
20,Mya-Emily-Ivory-11-768x1038.jpeg,https://cdn.glitch.me/da11bd13-ac78-43e4-83d3-616ee98abe34%2FMya-Emily-Ivory-11-768x1038.jpeg?v=1637829946641,If Only If,https://ifonlyif.co.uk/,"sleepwear, slowFashion, slowfashion, nightgown, dress, ifOnlyIf, ifonlyif",Lounging in an If Only If gown
21,1018_FIDO_POLKA_PAW__014_2048x.jpeg,https://cdn.glitch.me/da11bd13-ac78-43e4-83d3-616ee98abe34%2F1018_FIDO_POLKA_PAW__014_2048x.jpeg?v=1637829796231,DL 1961,https://www.dl1961.com/,"jeans, denim, modal, lyocell, inclusiveSizing, dog, pets, dl1961, DL1961, inclusivesizing, inclusive",DL 1961 makes denim garments for fido too!
22,11202_Jay_JetBlack_037_2048x.jpeg,https://cdn.glitch.me/da11bd13-ac78-43e4-83d3-616ee98abe34%2F11202_Jay_JetBlack_037_2048x.jpeg?v=1637829835771,DL 1961,https://www.dl1961.com/,"jeans, denim, modal, lyocell, inclusiveSizing, pants, dl1961, DL1961, inclusivesizing, inclusive","The average pair of jeans requires 1,500 gallons of water to produce. DL1961 says its average pair only requires less than 10 gallons!"
23,XXX_Zita_Manilla_033_2048x.jpeg,https://cdn.glitch.me/da11bd13-ac78-43e4-83d3-616ee98abe34%2FXXX_Zita_Manilla_033_2048x.jpeg?v=1637829871928,DL 1961,https://www.dl1961.com/,"jeans, denim, modal, lyocell, inclusiveSizing, shirt, buttonDown, dl1961, DL1961, inclusivesizing, inclusive",A white denim top from DL 1961
24,XXX_Zita_Manilla_045_2048x.jpeg,https://cdn.glitch.me/da11bd13-ac78-43e4-83d3-616ee98abe34%2FXXX_Zita_Manilla_045_2048x.jpeg?v=1637829878911,DL 1961,https://www.dl1961.com/,"jeans, denim, modal, lyocell, inclusiveSizing, shirt, buttonDown, dl1961, DL1961, inclusivesizing, inclusive",A white denim top from DL 1961
25,13006_Hepburn31_Maritime_038_2048x.jpeg,https://cdn.glitch.me/da11bd13-ac78-43e4-83d3-616ee98abe34%2F13006_Hepburn31_Maritime_038_2048x.jpeg?v=1637829856625,DL 1961,https://www.dl1961.com/,"jeans, denim, modal, lyocell, inclusiveSizing, dl1961, DL1961, inclusivesizing, inclusive","The average pair of jeans requires 1,500 gallons of water to produce. DL1961 says its average pair only requires less than 10 gallons!"
26,13006_Hepburn_Maritime_2048x.jpeg,https://cdn.glitch.me/da11bd13-ac78-43e4-83d3-616ee98abe34%2F13006_Hepburn_Maritime_2048x.jpeg?v=1637829843559,DL 1961,https://www.dl1961.com/,"jeans, denim, modal, lyocell, inclusiveSizing, pants, dl1961, DL1961, inclusivesizing, inclusive","The average pair of jeans requires 1,500 gallons of water to produce. DL1961 says its average pair only requires less than 10 gallons!"
27,13008_Bridget_Sequoia_2048x.jpeg,https://cdn.glitch.me/da11bd13-ac78-43e4-83d3-616ee98abe34%2F13008_Bridget_Sequoia_2048x.jpeg?v=1637829860452,DL 1961,https://www.dl1961.com/,"jeans, denim, modal, lyocell, inclusiveSizing, pants, dl1961, DL1961, inclusivesizing, inclusive",Check out these jeans from DL 1961!
28,26302_Olivia_BluePrint_036_2048x.jpeg,https://cdn.glitch.me/da11bd13-ac78-43e4-83d3-616ee98abe34%2F26302_Olivia_BluePrint_036_2048x.jpeg?v=1637829862993,DL 1961,https://www.dl1961.com/,"jeans, denim, modal, lyocell, inclusiveSizing, childrens, dl1961, DL1961, inclusivesizing, inclusive",Children's denim
29,1103732_HUNTER_ONYX_266_2048x.jpeg,https://cdn.glitch.me/da11bd13-ac78-43e4-83d3-616ee98abe34%2F1103732_HUNTER_ONYX_266_2048x.jpeg?v=1637829866126,DL 1961,https://www.dl1961.com/,"jeans, denim, modal, lyocell, inclusiveSizing, pants, dl1961, DL1961, inclusivesizing, inclusive",Check out these jeans from DL 1961!
30,10950_Nick_Empire_054_2048x.jpeg,https://cdn.glitch.me/da11bd13-ac78-43e4-83d3-616ee98abe34%2F10950_Nick_Empire_054_2048x.jpeg?v=1637829831298,DL 1961,https://www.dl1961.com/,"jeans, denim, modal, lyocell, inclusiveSizing, pets, dog, pants, dl1961, DL1961, inclusivesizing, inclusive",DL 1961 makes denim garments for fido to match with you too!
31,AdultwearPLPArtboard1copy20_1296x.webp,https://cdn.glitch.me/da11bd13-ac78-43e4-83d3-616ee98abe34%2FAdultwearPLPArtboard1copy20_1296x.webp?v=1637352004962,Petit Pli,https://shop.petitpli.com/,"reducedWaste, circularDesign, circulardesign, reducedwaste, maternity, petitpli, petitPli, PetitPli",Petit Pli's expanding fabric is perfect for maternitywear!
32,02_GRID_9.webp,https://cdn.glitch.me/da11bd13-ac78-43e4-83d3-616ee98abe34%2F02_GRID_9.webp?v=1637351991253,Petit Pli,https://shop.petitpli.com/,"reducedWaste, circularDesign, childrens, petitpli, petitPli, PetitPli, circulardesign, reducedwaste",Petit Pli's expanding fabric is perfect for kids going through their growth spurts
33,20210202_04_Gilet-0252_1296x.webp,https://cdn.glitch.me/da11bd13-ac78-43e4-83d3-616ee98abe34%2F20210202_04_Gilet-0252_1296x.webp?v=1637351994114,Petit Pli,https://shop.petitpli.com/,"reducedWaste, circularDesign, shirt, petitpli, petitPli, PetitPli, circulardesign, reducedwaste",A top with the Petit Pli's signature body-conforming pleated fabric.
34,Printcloseup-2000px600kb-2_1296x.webp,https://cdn.glitch.me/da11bd13-ac78-43e4-83d3-616ee98abe34%2FPrintcloseup-2000px600kb-2_1296x.webp?v=1637352021196,Petit Pli,https://shop.petitpli.com/,"reducedWaste, circularDesign, recycledPlastic, petitpli, petitPli, PetitPli, circulardesign, reducedwaste",Let's take a look at a closeup of Petit Pli's pleated fabric!
35,P_Bundle_1296x.webp,https://cdn.glitch.me/da11bd13-ac78-43e4-83d3-616ee98abe34%2FP_Bundle_1296x.webp?v=1637352017673,Petit Pli,https://shop.petitpli.com/,"reducedWaste, circularDesign, shirt, pants, petitpli, petitPli, PetitPli, circulardesign, reducedwaste",A top and bottoms bundle made with the brand's signature pleated fabric and a funky pattern.
36,MSK-OB2-1080px_1080x.webp,https://cdn.glitch.me/da11bd13-ac78-43e4-83d3-616ee98abe34%2FMSK-OB2-1080px_1080x.webp?v=1637352013708,Petit Pli,https://shop.petitpli.com/,"reducedWaste, circularDesign, mask, petitpli, petitPli, PetitPli, circulardesign, reducedwaste",A mask made with the Petit Pli's signature pleated fabric.
37,CopyofSATPKTPLP-LR-Li-Fari3_1296x.webp,https://cdn.glitch.me/da11bd13-ac78-43e4-83d3-616ee98abe34%2FCopyofSATPKTPLP-LR-Li-Fari3_1296x.webp?v=1637352010579,Petit Pli,https://shop.petitpli.com/,"reducedWaste, circularDesign, bag, petitpli, petitPli, PetitPli, circulardesign, reducedwaste",A Petit Pli pack made with the brand's signature pleated fabric.
38,SATPKTPLP-LR-Sr_1296x.webp,https://cdn.glitch.me/da11bd13-ac78-43e4-83d3-616ee98abe34%2FSATPKTPLP-LR-Sr_1296x.webp?v=1637352024210,Petit Pli,https://shop.petitpli.com/,"reducedWaste, circularDesign, bag, petitpli, petitPli, PetitPli, circulardesign, reducedwaste",A Petit Pli pack made with the brand's signature pleated fabric.
39,AdultwearPLP2Artboard1copy10_1296x.webp,https://cdn.glitch.me/da11bd13-ac78-43e4-83d3-616ee98abe34%2FAdultwearPLP2Artboard1copy10_1296x.webp?v=1637351996402,Petit Pli,https://shop.petitpli.com/,"reducedWaste, circularDesign, shirt, petitpli, petitPli, PetitPli, circulardesign, reducedwaste",A Petit Pli shirt with the brand's signature body-conforming pleated fabric.
40,AdultwearPLPArtboard1copy_1296x.webp,https://cdn.glitch.me/da11bd13-ac78-43e4-83d3-616ee98abe34%2FAdultwearPLPArtboard1copy_1296x.webp?v=1637352002044,Petit Pli,https://shop.petitpli.com/,"reducedWaste, circularDesign, shirt, petitpli, petitPli, PetitPli, circulardesign, reducedwaste",A Petit Pli shirt with the brand's signature body-conforming pleated fabric.
41,white_8_1800x1800_30a38775-f2ee-41a5-af32-84479b62c8ac_1400x.webp,https://cdn.glitch.me/da11bd13-ac78-43e4-83d3-616ee98abe34%2Fwhite_8_1800x1800_30a38775-f2ee-41a5-af32-84479b62c8ac_1400x.webp?v=1637344627922,Gerbase,https://gerbase.com/blogs/news/social-environmental-responsibility,"lightweight, recycled, skirt, Gerbase, gerbase",Take a look at Gerbase's signature layering dresses  in action!
42,white_19_1800x1800_c188900a-c8c5-49cc-a942-b55109a9909a_1400x.webp,https://cdn.glitch.me/da11bd13-ac78-43e4-83d3-616ee98abe34%2Fwhite_19_1800x1800_c188900a-c8c5-49cc-a942-b55109a9909a_1400x.webp?v=1637344631502,Gerbase,https://gerbase.com/blogs/news/social-environmental-responsibility,"lightweight, recycled, skirt, Gerbase, gerbase",Take a look at Gerbase's signature layering dresses  in action!
43,mix_4_1800x1800_3b28bbda-2117-4c60-8a5f-6f4e549ba5fb_1400x.webp,https://cdn.glitch.me/da11bd13-ac78-43e4-83d3-616ee98abe34%2Fmix_4_1800x1800_3b28bbda-2117-4c60-8a5f-6f4e549ba5fb_1400x.webp?v=1637344606723,Gerbase,https://gerbase.com/blogs/news/social-environmental-responsibility,"lightweight, recycled, dress, Gerbase, gerbase",Take a look at Gerbase's signature layering dresses  in action!
44,mix_11_1800x1800_386d5b01-0dd1-423b-891d-7ca33031a2b7_1400x.webp,https://cdn.glitch.me/da11bd13-ac78-43e4-83d3-616ee98abe34%2Fmix_11_1800x1800_386d5b01-0dd1-423b-891d-7ca33031a2b7_1400x.webp?v=1637344623481,Gerbase,https://gerbase.com/blogs/news/social-environmental-responsibility,"lightweight, recycled, skirt, Gerbase, gerbase",Take a look at Gerbase's signature layering dresses  in action!
45,mix_8_1800x1800_2e256811-c514-4a15-98e6-b18d67db8647_1400x.webp,https://cdn.glitch.me/da11bd13-ac78-43e4-83d3-616ee98abe34%2Fmix_8_1800x1800_2e256811-c514-4a15-98e6-b18d67db8647_1400x.webp?v=1637344614339,Gerbase,https://gerbase.com/blogs/news/social-environmental-responsibility,"lightweight, recycled, dress, Gerbase, gerbase",A closeup of Gerbase's signature layering dresses
46,Midi_Navy_1400x.webp,https://cdn.glitch.me/da11bd13-ac78-43e4-83d3-616ee98abe34%2FMidi_Navy_1400x.webp?v=1637344602828,Gerbase,https://gerbase.com/blogs/news/social-environmental-responsibility,"lightweight, recycled, dress, Gerbase, gerbase",Take a look at Gerbase's signature layering dresses in navy
47,mix_10_1800x1800_562e7b46-9155-48b7-b0da-a0d45bbf9d10_1400x.webp,https://cdn.glitch.me/da11bd13-ac78-43e4-83d3-616ee98abe34%2Fmix_10_1800x1800_562e7b46-9155-48b7-b0da-a0d45bbf9d10_1400x.webp?v=1637344619794,Gerbase,https://gerbase.com/blogs/news/social-environmental-responsibility,"lightweight, recycled, skirt, Gerbase, gerbase",A closeup of Gerbase's signature layering dresses
48,mix_6_1800x1800_d72b8db2-5c9b-4358-8082-044d94efd1ae_1400x.webp,https://cdn.glitch.me/da11bd13-ac78-43e4-83d3-616ee98abe34%2Fmix_6_1800x1800_d72b8db2-5c9b-4358-8082-044d94efd1ae_1400x.webp?v=1637344610675,Gerbase,https://gerbase.com/blogs/news/social-environmental-responsibility,"lightweight, recycled, dress, Gerbase, gerbase",A closeup of Gerbase's signature layering dresses
49,flora_burgundy_5f6d1813-cdd7-4c82-b1e4-e0030ad077bd_1400x.webp,https://cdn.glitch.me/da11bd13-ac78-43e4-83d3-616ee98abe34%2Fflora_burgundy_5f6d1813-cdd7-4c82-b1e4-e0030ad077bd_1400x.webp?v=1637344594918,Gerbase,https://gerbase.com/blogs/news/social-environmental-responsibility,"lightweight, recycled, dress, Gerbase, gerbase",Take a look at Gerbase's signature layering dresses in burgundy
50,Flora_Burgundy_c1_1400x.webp,https://cdn.glitch.me/da11bd13-ac78-43e4-83d3-616ee98abe34%2FFlora_Burgundy_c1_1400x.webp?v=1637344599195,Gerbase,https://gerbase.com/blogs/news/social-environmental-responsibility,"lightweight, recycled, dress, Gerbase, gerbase",A closeup of one of Gerbase's signature layering dresses
51,7N2A9854-Exposure.jpg,https://cdn.glitch.me/da11bd13-ac78-43e4-83d3-616ee98abe34%2F7N2A9854-Exposure.jpg?v=1637343126528,Appetite Studio,https://www.appetitestudio.co.uk/shop,"timeless, summer, warmWeather, warmweather, dress, AppetiteStudio, appetitestudio, appetiteStudio, apertif","Appetite Studio's target wearers are conscious, fashionable, and fun."
52,L2110644-Exposure.jpg,https://cdn.glitch.me/da11bd13-ac78-43e4-83d3-616ee98abe34%2FL2110644-Exposure.jpg?v=1637343159001,Appetite Studio,https://www.appetitestudio.co.uk/shop,"timeless, warmWeather, warmweather, summer, dress, AppetiteStudio, appetitestudio, appetiteStudio, apertif","Appetite Studio's target wearers are conscious, fashionable, and fun."
53,L2110571-Exposure.jpg,https://cdn.glitch.me/da11bd13-ac78-43e4-83d3-616ee98abe34%2FL2110571-Exposure.jpg?v=1637343136945,Appetite Studio,https://www.appetitestudio.co.uk/shop,"timeless, warmWeather, warmweather, summer, dress, AppetiteStudio, appetitestudio, appetiteStudio, apertif","Appetite Studio's target wearers are conscious, fashionable, and fun."
54,L2110047-Exposure.jpg,https://cdn.glitch.me/da11bd13-ac78-43e4-83d3-616ee98abe34%2FL2110047-Exposure.jpg?v=1637343130254,Appetite Studio,https://www.appetitestudio.co.uk/shop,"timeless, warmWeather, warmweather, summer, shirt, AppetiteStudio, appetitestudio, appetiteStudio, apertif","Appetite Studio's tops are fun, flirty, and perfect for the summer."
55,7N2A9289.jpg,https://cdn.glitch.me/da11bd13-ac78-43e4-83d3-616ee98abe34%2F7N2A9289.jpg?v=1637343118477,Appetite Studio,https://www.appetitestudio.co.uk/shop,"timeless, warmWeather, warmweather, summer, tankTop, AppetiteStudio, appetitestudio, appetiteStudio, apertif","Appetite Studio's tops are fun, flirty, and perfect for the summer."
56,7N2A9025.jpg,https://cdn.glitch.me/da11bd13-ac78-43e4-83d3-616ee98abe34%2F7N2A9025.jpg?v=1637342233985,Appetite Studio,https://www.appetitestudio.co.uk/shop,"timeless, warmWeather, warmweather, shirt, summer, AppetiteStudio, appetitestudio, appetiteStudio, apertif","Appetite Studio's tops are fun, flirty, and perfect for the summer."
57,7N2A9437.jpg,https://cdn.glitch.me/da11bd13-ac78-43e4-83d3-616ee98abe34%2F7N2A9437.jpg?v=1637343121860,Appetite Studio,https://www.appetitestudio.co.uk/shop,"timeless, warmWeather, warmweather, summer, dress, AppetiteStudio, appetitestudio, appetiteStudio, apertif","Appetite Studio's dresses are fun, flirty, and perfect for the summer."
58,NAPKIN-TRIPLE+SEC.jpg,https://cdn.glitch.me/da11bd13-ac78-43e4-83d3-616ee98abe34%2FNAPKIN-TRIPLE%2BSEC.jpg?v=1637343159025,Appetite Studio,https://www.appetitestudio.co.uk/shop,"timeless, warmWeather, warmweather, summer, AppetiteStudio, appetitestudio, appetiteStudio, apertif",Hand painted hankerchief from Appetite Studio
59,THE+BELLINI+.jpg,https://cdn.glitch.me/da11bd13-ac78-43e4-83d3-616ee98abe34%2FTHE%2BBELLINI%2B.jpg?v=1637343159174,Appetite Studio,https://www.appetitestudio.co.uk/shop,"timeless, warmWeather, warmweather, summer, AppetiteStudio, appetitestudio, appetiteStudio, apertif","Some of Appetite Studio's pieces are made to order, allowing you to choose a fabric for most styles."
60,Scan+53.jpg,https://cdn.glitch.me/da11bd13-ac78-43e4-83d3-616ee98abe34%2FScan%2B53.jpg?v=1637343159057,Appetite Studio,https://www.appetitestudio.co.uk/shop,"timeless, warmWeather, warmweather, summer, AppetiteStudio, appetitestudio, appetiteStudio, apertif","Some of Appetite Studio's pieces are made to order, allowing you to choose a fabric for most styles."
61,web_womens_8a28f90c-38d1-476d-b4bd-2104ac34a635_800x.webp,https://cdn.glitch.me/da11bd13-ac78-43e4-83d3-616ee98abe34%2Fweb_womens_8a28f90c-38d1-476d-b4bd-2104ac34a635_800x.webp?v=1637345392083,Pringle of Scotland,https://pringlescotland.com/pages/our-story,"knitwear, winter, coldWeather, coldweather, sweater, pringleOfScotland, pringleofscotland, PringleOfScotland","Comfy knitwear perfect for the winter, courtesy of Pringle of Scotland"
62,argyle_01.webp,https://cdn.glitch.me/da11bd13-ac78-43e4-83d3-616ee98abe34%2Fargyle_01.webp?v=1637345362359,Pringle of Scotland,https://pringlescotland.com/pages/our-story,"knitwear, winter, coldWeather, coldweather, sweater, pringleOfScotland, pringleofscotland, PringleOfScotland",Pringle of Scotland's knitwear
63,argyle_06.webp,https://cdn.glitch.me/da11bd13-ac78-43e4-83d3-616ee98abe34%2Fargyle_06.webp?v=1637345370434,Pringle of Scotland,https://pringlescotland.com/pages/our-story,"knitwear, winter, coldWeather, coldweather, sweater, pringleOfScotland, pringleofscotland, PringleOfScotland",Pringle of Scotland's knitwear
64,argyle_05.webp,https://cdn.glitch.me/da11bd13-ac78-43e4-83d3-616ee98abe34%2Fargyle_05.webp?v=1637345367096,Pringle of Scotland,https://pringlescotland.com/pages/our-story,"knitwear, winter, coldWeather, coldweather, sweater, pringleOfScotland, pringleofscotland, PringleOfScotland",Pringle of Scotland's knitwear
65,MTG036_MW_1474_c415bff5-8186-416b-8ca6-e7f9bb1f50da_600x.webp,https://cdn.glitch.me/da11bd13-ac78-43e4-83d3-616ee98abe34%2FMTG036_MW_1474_c415bff5-8186-416b-8ca6-e7f9bb1f50da_600x.webp?v=1637345381663,Pringle of Scotland,https://pringlescotland.com/pages/our-story,"knitwear, winter, coldWeather, coldweather, sweater, pringleOfScotland, pringleofscotland, PringleOfScotland",You can layer Pringle of Scotland's knitwear!
66,MTG034-120012_600x.webp,https://cdn.glitch.me/da11bd13-ac78-43e4-83d3-616ee98abe34%2FMTG034-120012_600x.webp?v=1637345377384,Pringle of Scotland,https://pringlescotland.com/pages/our-story,"knitwear, winter, coldWeather, coldweather, hat, pringleOfScotland, pringleofscotland, PringleOfScotland",A cardigan from Pringle of Scotland
67,WTH040-2277_18_e7ba6b32-11a7-495b-bcd6-16c9306c2857_600x.webp,https://cdn.glitch.me/da11bd13-ac78-43e4-83d3-616ee98abe34%2FWTH040-2277_18_e7ba6b32-11a7-495b-bcd6-16c9306c2857_600x.webp?v=1637345400133,Pringle of Scotland,https://pringlescotland.com/pages/our-story,"knitwear, winter, coldWeather, coldweather, sweater, pringleOfScotland, pringleofscotland, PringleOfScotland",A cardigan from Pringle of Scotland
68,WPB025-2401_17_600x.webp,https://cdn.glitch.me/da11bd13-ac78-43e4-83d3-616ee98abe34%2FWPB025-2401_17_600x.webp?v=1637345396258,Pringle of Scotland,https://pringlescotland.com/pages/our-story,"knitwear, winter, coldWeather, coldweather, pants, pringleOfScotland, pringleofscotland, PringleOfScotland",Knit top and bottoms combo from Pringle of Scotland
69,WTK077-2401_26_600x.webp,https://cdn.glitch.me/da11bd13-ac78-43e4-83d3-616ee98abe34%2FWTK077-2401_26_600x.webp?v=1637345403723,Pringle of Scotland,https://pringlescotland.com/pages/our-story,"knitwear, winter, coldWeather, coldweather, sweater, pringleOfScotland, pringleofscotland, PringleOfScotland",Knit hoodie from Pringle of Scotland
70,L1030264_edit_ASF032_AGK024_AHF021_c3013d97-87c4-420f-bc5d-3352bcef7feb_600x.webp,https://cdn.glitch.me/da11bd13-ac78-43e4-83d3-616ee98abe34%2FL1030264_edit_ASF032_AGK024_AHF021_c3013d97-87c4-420f-bc5d-3352bcef7feb_600x.webp?v=1637345373829,Pringle of Scotland,https://pringlescotland.com/pages/our-story,"knitwear, winter, coldWeather, coldweather, hat, beanie, pringleOfScotland, pringleofscotland, PringleOfScotland","A hat, scarf, and gloves from Pringle of Scotland"
71,Copy+of+IMG_7789.png,https://cdn.glitch.me/da11bd13-ac78-43e4-83d3-616ee98abe34%2FCopy%2Bof%2BIMG_7789.png?v=1638044101378,Helen Kirkum,https://www.helenkirkum.com/,"recycled, secondHand, shoes, helenkirkum, HelenKirkum, helenKirkum","The heart of our studio lies in our made to order sneakers, handmade for you in London."
72,Copy+of+Copy+of+Helen+Kirkum_FA1019_Ecom_1288_1x1+(1).jpg,https://cdn.glitch.me/da11bd13-ac78-43e4-83d3-616ee98abe34%2FCopy%2Bof%2BCopy%2Bof%2BHelen%2BKirkum_FA1019_Ecom_1288_1x1%2B(1).jpg?v=1638044091206,Helen Kirkum,https://www.helenkirkum.com/,"recycled, secondHand, shoes, helenkirkum, HelenKirkum, helenKirkum","The heart of our studio lies in our made to order sneakers, handmade for you in London."
73,Copy+of+Copy+of+Helen+Kirkum_FA1020_Ecom_1279_1x1.jpg,https://cdn.glitch.me/da11bd13-ac78-43e4-83d3-616ee98abe34%2FCopy%2Bof%2BCopy%2Bof%2BHelen%2BKirkum_FA1020_Ecom_1279_1x1.jpg?v=1638044096524,Helen Kirkum,https://www.helenkirkum.com/,"recycled, secondHand, shoes, plastic, recycledPlastic, helenkirkum, HelenKirkum, helenKirkum",Primeval Sneaker Concept design development SMS revamp converse
74,recycled+socks+-+helen+kirkum+studio+-+twin+pack+1.jpg,https://cdn.glitch.me/da11bd13-ac78-43e4-83d3-616ee98abe34%2Frecycled%2Bsocks%2B-%2Bhelen%2Bkirkum%2Bstudio%2B-%2Btwin%2Bpack%2B1.jpg?v=1638044105061,Helen Kirkum,https://www.helenkirkum.com/,"recycled, secondHand, shoes, sleepwear, helenkirkum, HelenKirkum, helenKirkum","In side out sock  85% Organic Cotton 12% Nylon, 3% Elastane Developed by Hoc Lab Tech Made in Tuscany, Italy"
75,recycled+sneakers+-+helen+kirkum+studio+-+rebok+zig+2.jpg,https://cdn.glitch.me/da11bd13-ac78-43e4-83d3-616ee98abe34%2Frecycled%2Bsneakers%2B-%2Bhelen%2Bkirkum%2Bstudio%2B-%2Brebok%2Bzig%2B2.jpg?v=1638044109222,Helen Kirkum,https://www.helenkirkum.com/,"activewear, recycled, plastic, recycledPlastic, shoes, helenkirkum, HelenKirkum, helenKirkum","Sneaker Made from recycled sneaker components, these sneakers are a playful reaction to Murakami’s signature style. Exhibited at Complex Con and auctioned for charity"
76,recycled+sneakers+-+helen+kirkum+studio+-+Takashi+Murakami.jpg,https://cdn.glitch.me/da11bd13-ac78-43e4-83d3-616ee98abe34%2Frecycled%2Bsneakers%2B-%2Bhelen%2Bkirkum%2Bstudio%2B-%2BTakashi%2BMurakami.jpg?v=1638044114618,Helen Kirkum,https://www.helenkirkum.com/,"activewear, recycled, shoes, helenkirkum, HelenKirkum, helenKirkum","Made from recycled sneaker components, these sneakers are a playful reaction to Murakami’s signature style. Exhibited at Complex Con and auctioned for charity"
77,recycled+sneakers+-+helen+kirkum+studio+-+byredo.jpg,https://cdn.glitch.me/da11bd13-ac78-43e4-83d3-616ee98abe34%2Frecycled%2Bsneakers%2B-%2Bhelen%2Bkirkum%2Bstudio%2B-%2Bbyredo.jpg?v=1638044119465,Helen Kirkum,https://www.helenkirkum.com/,"activewear, recycled, shoes, helenkirkum, HelenKirkum, helenKirkum","Inspired by the Zig’s skeletal-like sole, Kirkum reimagined the Zig’s upper as if a cage, overlaying and overlapping materials so that the lining is left exposed in parts. In some instances, there may be slight differences between the right and left sneaker, and in the case of pair 04 it is one of only two pairs"
78,recycled+sneakers+-+helen+kirkum+studio+-+rebok+zig+1.jpg,https://cdn.glitch.me/da11bd13-ac78-43e4-83d3-616ee98abe34%2Frecycled%2Bsneakers%2B-%2Bhelen%2Bkirkum%2Bstudio%2B-%2Brebok%2Bzig%2B1.jpg?v=1638044123388,Helen Kirkum,https://www.helenkirkum.com/,"activewear, recycled, shoes, naturalMaterials, plantBased, helenkirkum, HelenKirkum, helenKirkum","Helen Kirkum and Reebok have come together again to reimagine the Zig. Following on from their Sole Fury collaboration, this one-off release counts 20 unique pairs of sneakers, each handmade using repurposed Reebok sneakers by Kirkum in her East London studio."
79,Copy+of+Copy+of+Helen+Kirkum_FA1019_Ecom_1284_16x9.jpg,https://cdn.glitch.me/da11bd13-ac78-43e4-83d3-616ee98abe34%2Fadidas-Stan-Smith-Mylo-H23049-Release-Date-7.jpeg?v=1637829998183,Helen Kirkum,https://www.helenkirkum.com/,"activewear, recycled, shoes, naturalMaterials, plantBased, helenkirkum, HelenKirkum, helenKirkum","Working with clothing charity Traid, we rescue some of their unusable odd sneaker donations which we carefully clean and deconstruct to use as our raw materials. Crafting a unique collage of recycled sneaker components to create your one-of-a-kind sneaker celebrating the history and memories of the materials."
80,Copy+of+IMG_7786.png,https://cdn.glitch.me/da11bd13-ac78-43e4-83d3-616ee98abe34%2FCopy%2Bof%2BIMG_7786.png?v=1638044135304,Helen Kirkum,https://www.helenkirkum.com/,"altheisure, activewear, recycled, naturalMaterials, plantBased, helenkirkum, HelenKirkum, helenKirkum","Working with clothing charity Traid, we rescue some of their unusable odd sneaker donations which we carefully clean and deconstruct to use as our raw materials. Crafting a unique collage of recycled sneaker components to create your one-of-a-kind sneaker celebrating the history and memories of the materials."
81,3138c52a-a902-4a4b-b3a1-f7e94d18cd2b_Artboard+3.jpeg,https://cdn.glitch.me/da11bd13-ac78-43e4-83d3-616ee98abe34%2F3138c52a-a902-4a4b-b3a1-f7e94d18cd2b_Artboard%2B3.jpeg?v=1637830031511,Girlfriend Collective,https://girlfriend.com/,"athleisure, loungewear, recycled, inclusiveSizing, inclusivesizing, hat, beanie, girlfriend, girlfriendCollective, GirlfriendCollective, inclusive",Girlfriend Collective's pieces are all colored using a low-impact method of dyeing
82,6a582870-db7d-45a9-b8c8-8e2ce53f5452_Artboard+4.jpeg,https://cdn.glitch.me/da11bd13-ac78-43e4-83d3-616ee98abe34%2F6a582870-db7d-45a9-b8c8-8e2ce53f5452_Artboard%2B4.jpeg?v=1637830031690,Girlfriend Collective,https://girlfriend.com/,"athleisure, loungewear, recycled, inclusiveSizing, inclusivesizing, jacket, puffer, girlfriend, girlfriendCollective, GirlfriendCollective, inclusive","Girlfriend Collective designs affordable, size-inclusive athleisure and loungewear"
83,Look_33_Chad_011.jpeg,https://cdn.glitch.me/da11bd13-ac78-43e4-83d3-616ee98abe34%2FLook_33_Chad_011.jpeg?v=1637830031805,Girlfriend Collective,https://girlfriend.com/,"athleisure, loungewear, recycled, inclusiveSizing, inclusivesizing, shirt, girlfriend, girlfriendCollective, GirlfriendCollective, inclusive",Girlfriend Collective's pieces are all colored using a low-impact method of dyeing
84,f192b046-9615-4d57-8339-f24438a3d192_swell-how-it-works@2x.jpeg,https://cdn.glitch.me/da11bd13-ac78-43e4-83d3-616ee98abe34%2Ff192b046-9615-4d57-8339-f24438a3d192_swell-how-it-works%402x.jpeg?v=1637830032509,Girlfriend Collective,https://girlfriend.com/,"athleisure, loungewear, recycled, inclusiveSizing, inclusivesizing, leggings, shirt, girlfriend, girlfriendCollective, GirlfriendCollective, inclusive","Girlfriend Collective designs affordable, size-inclusive athleisure and loungewear"
85,56c14acf-2e86-4d10-b8ef-4d323190c3dd_swell-logged-out-redeem@2x.jpeg,https://cdn.glitch.me/da11bd13-ac78-43e4-83d3-616ee98abe34%2F56c14acf-2e86-4d10-b8ef-4d323190c3dd_swell-logged-out-redeem%402x.jpeg?v=1637830032060,Girlfriend Collective,https://girlfriend.com/,"athleisure, loungewear, recycled, inclusiveSizing, inclusivesizing, leggings, girlfriend, girlfriendCollective, GirlfriendCollective, inclusive",Girlfriend Collective's pieces are all colored using a low-impact method of dyeing
86,ffa12731-e3d2-4e89-bfe0-c61167c64bab_211021-GF_HOLIDAY-3777.jpeg,https://cdn.glitch.me/da11bd13-ac78-43e4-83d3-616ee98abe34%2Fffa12731-e3d2-4e89-bfe0-c61167c64bab_211021-GF_HOLIDAY-3777.jpeg?v=1637830031716,Girlfriend Collective,https://girlfriend.com/,"athleisure, loungewear, recycled, inclusiveSizing, inclusivesizing, sweater, leggings, girlfriend, girlfriendCollective, GirlfriendCollective, inclusive","Girlfriend Collective designs affordable, size-inclusive athleisure and loungewear"
87,MA_GFCollective_SLIDES_0336.jpeg,https://cdn.glitch.me/da11bd13-ac78-43e4-83d3-616ee98abe34%2FMA_GFCollective_SLIDES_0336.jpeg?v=1637830032149,Girlfriend Collective,https://girlfriend.com/,"athleisure, loungewear, recycled, inclusiveSizing, inclusivesizing, shoes, girlfriend, girlfriendCollective, GirlfriendCollective, inclusive",A pair of slides from Girlfriend Collective
88,1c896b22-aa58-4fbe-b190-d19714426214_211021-GF_HOLIDAY-3214.jpeg,https://cdn.glitch.me/da11bd13-ac78-43e4-83d3-616ee98abe34%2F1c896b22-aa58-4fbe-b190-d19714426214_211021-GF_HOLIDAY-3214.jpeg?v=1637830031346,Girlfriend Collective,https://girlfriend.com/,"athleisure, loungewear, recycled, inclusiveSizing, inclusivesizing, girlfriend, girlfriendCollective, GirlfriendCollective, inclusive","Girlfriend Collective designs affordable, size-inclusive athleisure and loungewear"
89,Takeback_Image_PDP3.jpeg,https://cdn.glitch.me/da11bd13-ac78-43e4-83d3-616ee98abe34%2FTakeback_Image_PDP3.jpeg?v=1637830031502,Girlfriend Collective,https://girlfriend.com/,"athleisure, loungewear, recycled, inclusiveSizing, inclusivesizing, secondHand, girlfriend, girlfriendCollective, GirlfriendCollective, inclusive",You can return your Girlfriend Collective pieces to be recycled into new garments!
90,9aea79a5-e219-4233-b12b-efcbdaa6a301_Close-the-Loop.jpeg,https://cdn.glitch.me/da11bd13-ac78-43e4-83d3-616ee98abe34%2F9aea79a5-e219-4233-b12b-efcbdaa6a301_Close-the-Loop.jpeg?v=1637830031412,Girlfriend Collective,https://girlfriend.com/,"athleisure, loungewear, recycled, inclusiveSizing, inclusivesizing, leggings, girlfriend, girlfriendCollective, GirlfriendCollective, inclusive",Girlfriend Collective's pieces are all colored using a low-impact method of dyeing
91,21_0197_2-1-960x1207.jpeg,https://cdn.glitch.me/da11bd13-ac78-43e4-83d3-616ee98abe34%2F21_0197_2-1-960x1207.jpeg?v=1637830054031,MadisonCléo,https://maisoncleo.com/,"slowFashion, slowfashion, madeToOrder, madetoorder, deadstock, recycled, shirt, MadisonCleo, madisoncleo, MadisonCleo","Made-to-order from deadstock fabric and released for sale only once a week, there is little waste with MadisonCléo."
92,27_0239-960x1438.jpeg,https://cdn.glitch.me/da11bd13-ac78-43e4-83d3-616ee98abe34%2F27_0239-960x1438.jpeg?v=1637830053981,MadisonCléo,https://maisoncleo.com/,"slowFashion, slowfashion, madeToOrder, madetoorder, deadstock, recycled, MadisonCleo, madisoncleo, MadisonCleo",Every piece from MadisonCléo is handmade-to-order carefully by their team in their studio in the north of France.
93,000250800014-960x1251.jpeg,https://cdn.glitch.me/da11bd13-ac78-43e4-83d3-616ee98abe34%2F000250800014-960x1251.jpeg?v=1637830053571,MadisonCléo,https://maisoncleo.com/,"slowFashion, slowfashion, madeToOrder, madetoorder, deadstock, recycled, dress, MadisonCleo, madisoncleo, MadisonCleo","Made-to-order from deadstock fabric and released for sale only once a week, there is little waste with MadisonCléo."
94,cardi-vert-ck-e1629813388309-960x1338.jpeg,https://cdn.glitch.me/da11bd13-ac78-43e4-83d3-616ee98abe34%2Fcardi-vert-ck-e1629813388309-960x1338.jpeg?v=1637830054591,MadisonCléo,https://maisoncleo.com/,"slowFashion, slowfashion, madeToOrder, madetoorder, deadstock, recycled, knitwear, shirt, skirt, MadisonCleo, madisoncleo, MadisonCleo",A knit top and skirt set from MadisonCléo
95,DSC04022-e1634719780454-960x1451.jpeg,https://cdn.glitch.me/da11bd13-ac78-43e4-83d3-616ee98abe34%2FDSC04022-e1634719780454-960x1451.jpeg?v=1637830053265,MadisonCléo,https://maisoncleo.com/,"slowFashion, slowfashion, madeToOrder, madetoorder, deadstock, recycled, knitwear, dress, MadisonCleo, madisoncleo, MadisonCleo",A dress from MadisonCléo
96,DSC04170-e1634721635998-450x675.jpeg,https://cdn.glitch.me/da11bd13-ac78-43e4-83d3-616ee98abe34%2FDSC04170-e1634721635998-450x675.jpeg?v=1637830053125,MadisonCléo,https://maisoncleo.com/,"slowFashion, slowfashion, madeToOrder, madetoorder, deadstock, recycled, shirt, dress, buttonDown, MadisonCleo, madisoncleo, MadisonCleo",A top and skirt from MadisonCléo
97,img049-960x1453.jpeg,https://cdn.glitch.me/da11bd13-ac78-43e4-83d3-616ee98abe34%2Fimg049-960x1453.jpeg?v=1637830054204,MadisonCléo,https://maisoncleo.com/,"slowFashion, slowfashion, madeToOrder, madetoorder, deadstock, recycled, sweater, knitwear, MadisonCleo, madisoncleo, MadisonCleo",Every piece from MadisonCléo is handmade-to-order carefully by their team in their studio in the north of France.
98,img298-960x1450.jpeg,https://cdn.glitch.me/da11bd13-ac78-43e4-83d3-616ee98abe34%2Fimg298-960x1450.jpeg?v=1637830053360,MadisonCléo,https://maisoncleo.com/,"slowFashion, slowfashion, madeToOrder, madetoorder, deadstock, recycled, knitwear, sweater, pants, MadisonCleo, madisoncleo, MadisonCleo","Made-to-order from deadstock fabric and released for sale only once a week, there is little waste with MadisonCléo."
99,MC-x-Khleopatre_129-960x643.jpeg,https://cdn.glitch.me/da11bd13-ac78-43e4-83d3-616ee98abe34%2FMC-x-Khleopatre_129-960x643.jpeg?v=1637830053380,MadisonCléo,https://maisoncleo.com/,"slowFashion, slowfashion, madeToOrder, madetoorder, deadstock, recycled, knitwear, sweater, MadisonCleo, madisoncleo, MadisonCleo","Made-to-order from deadstock fabric and released for sale only once a week, there is little waste with MadisonCléo."
100,MC12_homepage.jpeg,https://cdn.glitch.me/da11bd13-ac78-43e4-83d3-616ee98abe34%2FMC12_homepage.jpeg?v=1637830053602,MadisonCléo,https://maisoncleo.com/,"slowFashion, slowfashion, madeToOrder, madetoorder, deadstock, recycled, skirt, vest, shirt, MadisonCleo, madisoncleo, MadisonCleo",Every piece from MadisonCléo is handmade-to-order carefully by their team in their studio in the north of France.